产品/方案,类型,主要粒度,核心输出,历史信息使用方式,与项目关系,公开定位与项目目标的主要差异,可借鉴点,核验依据
Commit Guru,公开学术工具,提交/项目,风险提交识别与项目级分析,论文称使用历史提交识别并预测 bug-inducing commit,历史直接方案,论文发布于 2015 年；本次访问未确认当前站点仍可用,提交级风险、项目与提交两级分析,FSE 2015 论文 DOI 10.1145/2786805.2803183
DeepJIT,研究模型,提交,自动学习提交消息与代码变更特征,使用历史提交训练监督模型,算法基线,论文重点是模型与实验而不是持续运营产品,提交消息与代码变更联合建模,MSR 2019 论文 DOI 10.1109/MSR.2019.00016
CC2Vec,研究模型,代码变更,代码变更表示学习,使用历史提交训练监督模型,算法基线,论文目标是通用代码变更表示与 JIT 预测,代码变更语义表示,ICSE 2020 论文 DOI 10.1145/3377811.3380361
JITLine,研究模型,提交/代码行,提交级预测及风险行定位,使用历史提交和变更特征训练,细粒度算法基线,论文强调在线约束、效率与代码行定位,预测与定位、效率导向,MSR 2021 论文 DOI 10.1109/MSR52588.2021.00049
JIT-Smart,研究模型,提交/代码行,预测与定位多任务学习,使用提交级和代码行级标签训练,前沿算法基线,论文重点是模型与多指标实验而不是完整用户产品,多任务学习,PACMSE 2024 论文 DOI 10.1145/3643727
CodeScene,商业代码智能,文件/代码库/团队,Code Health、热点、技术债、变更耦合、知识风险,分析 Git 活动与版本历史,历史分析替代方案,官方定位是代码健康与工程行为洞察而不是提交级缺陷概率,历史行为数据与可视化,CodeScene 官方产品页
Bugspots,开源启发式,文件,基于修复提交的文件热点分数,使用 bug-fix 提交历史计算启发式,轻量替代方案,README 明确定位为简单 bug prediction hotspot heuristic,历史修复频率可作为基础特征,GitHub README
Code Maat,开源历史分析 CLI,仓库/文件/人员,修改频率、耦合、趋势与协作模式,对版本控制日志做描述性统计,数据探索参考,README 定位为 VCS 数据挖掘与分析而不是在线预测,版本历史挖掘,GitHub README
SonarQube,商业/开源质量平台,文件/PR/新代码,代码质量与安全检查、质量门禁,官方定位不以历史缺陷标签为核心,静态质量替代方案,官方文档说明质量门禁用于分析结果而不是未来缺陷概率,PR 质量门禁与可操作告警,SonarQube 官方产品页与质量门禁文档
GitHub CodeQL,代码安全分析,代码/PR,漏洞和代码错误告警,官方定位为静态查询与代码扫描,平台内替代方案,官方文档目标是识别漏洞和错误而不是 JIT 风险排序,PR 告警与 CI 集成,GitHub Code Scanning 与 CodeQL 文档
Snyk Code,SAST,代码/PR,漏洞扫描与修复建议,官方定位为静态代码安全分析,安全替代方案,公开定位不是项目历史缺陷概率模型,开发者友好的修复建议,Snyk Code 官方产品页
Semgrep Code,SAST,代码/PR/CI,语义化安全扫描,官方定位为静态应用安全测试,安全替代方案,公开定位不是提交级历史风险预测,CI 安全扫描,Semgrep Code 官方产品页
Codacy,商业质量平台,PR/仓库,代码质量、安全、策略和质量门禁,官方定位不以项目历史缺陷标签为核心,质量门禁替代方案,公开定位是工程治理与代码检查而不是 JIT 预测,质量策略与 PR 门禁,Codacy 官方产品页
DeepSource,AI 代码评审平台,PR/仓库,自动评审、质量与安全问题建议,官方定位为 AI 代码评审,AI 评审替代方案,未声明以项目历史缺陷概率和 effort-aware 评价为核心,自动评审与开发者体验,DeepSource 官方产品页
CodeRabbit,AI PR 评审,PR diff,上下文评审、逐行评论与交互,官方定位为 AI-first PR reviewer,AI 评审替代方案,公开定位不是项目历史缺陷概率预测,交互式 PR 评审体验,CodeRabbit 官方产品页与文档
CloudBees Smart Tests,AI 测试智能,测试/CI,根据变更选择相关测试并缩短测试时间,官方页面称基于变更选择相关测试,相邻效率工具,优化测试选择而不是预测提交是否引入缺陷,变更影响分析与测试优先级,CloudBees Smart Tests 官方页面
