commit_id,committed_at,label,ns,nd,nf,entropy,la,ld,lt,fix,ndev,age,nuc,exp,rexp,sexp,message
synthetic-000,2025-01-01T00:00:00+00:00,unknown,3,5,11,0.6696,165,0,1039,1,2,217,5,95,82.6816,27,Synthetic example: update validation 0
synthetic-001,2025-01-02T00:00:00+00:00,0,3,4,4,1.9497,260,0,4664,0,7,113,58,72,18.2448,0,Synthetic example: adjust helper 1
synthetic-002,2025-01-03T00:00:00+00:00,0,3,3,3,0.6459,270,39,2957,0,2,48,49,44,29.658,22,Synthetic example: adjust helper 2
synthetic-003,2025-01-04T00:00:00+00:00,1,3,5,10,0.3745,340,10,3300,0,2,283,38,94,18.263,79,Synthetic example: update validation 3
synthetic-004,2025-01-05T00:00:00+00:00,unknown,3,5,6,1.9838,444,36,2570,0,2,120,13,91,31.3725,58,Synthetic example: adjust helper 4
synthetic-005,2025-01-06T00:00:00+00:00,1,3,5,11,2.0105,517,55,784,0,3,274,32,48,26.417,24,Synthetic example: update validation 5
synthetic-006,2025-01-07T00:00:00+00:00,0,3,5,5,2.3049,410,35,658,0,4,17,41,88,29.2765,8,Synthetic example: adjust helper 6
synthetic-007,2025-01-08T00:00:00+00:00,0,3,4,4,1.1869,292,40,3958,1,3,136,18,28,12.5384,17,Synthetic example: adjust helper 7
synthetic-008,2025-01-09T00:00:00+00:00,1,3,5,9,1.086,306,117,1333,0,8,47,7,115,21.6756,19,Synthetic example: update validation 8
synthetic-009,2025-01-10T00:00:00+00:00,1,3,5,11,1.1449,231,143,4034,0,5,284,2,77,17.4944,14,Synthetic example: update validation 9
synthetic-010,2025-01-11T00:00:00+00:00,1,3,5,11,0.3347,759,88,3761,0,3,233,1,99,17.1604,92,Synthetic example: update validation 10
synthetic-011,2025-01-12T00:00:00+00:00,0,3,5,5,2.6116,325,25,2644,0,4,79,48,65,13.5063,0,Synthetic example: adjust helper 11
synthetic-012,2025-01-13T00:00:00+00:00,1,3,5,10,1.0889,420,150,2719,0,4,30,31,3,0.5566,0,Synthetic example: update validation 12
synthetic-013,2025-01-14T00:00:00+00:00,1,2,2,2,2.2818,188,30,1230,0,3,244,71,105,57.5142,67,Synthetic example: adjust helper 13
synthetic-014,2025-01-15T00:00:00+00:00,1,3,5,10,2.1898,550,60,1847,1,5,205,48,119,37.2982,66,Synthetic example: update validation 14
synthetic-015,2025-01-16T00:00:00+00:00,1,3,5,8,0.0631,128,56,4737,0,4,113,1,29,21.4028,20,Synthetic example: update validation 15
synthetic-016,2025-01-17T00:00:00+00:00,1,1,1,1,0.9913,30,2,4411,0,4,143,63,116,56.0066,16,Synthetic example: adjust helper 16
synthetic-017,2025-01-18T00:00:00+00:00,1,3,5,12,2.4225,888,180,1759,0,2,50,56,32,11.5461,26,Synthetic example: update validation 17
synthetic-018,2025-01-19T00:00:00+00:00,1,3,5,8,1.9385,752,8,696,0,7,174,14,87,38.7825,24,Synthetic example: update validation 18
synthetic-019,2025-01-20T00:00:00+00:00,1,3,5,9,1.3879,522,36,817,0,8,282,13,55,43.8967,34,Synthetic example: update validation 19
synthetic-020,2025-01-21T00:00:00+00:00,0,1,1,1,1.4441,12,7,3485,0,1,85,49,22,21.7654,12,Synthetic example: adjust helper 20
synthetic-021,2025-01-22T00:00:00+00:00,0,3,5,5,2.1915,295,45,4752,1,8,80,25,55,22.1458,3,Synthetic example: adjust helper 21
synthetic-022,2025-01-23T00:00:00+00:00,1,3,5,10,0.1504,950,10,4105,0,3,30,66,96,68.5441,23,Synthetic example: update validation 22
synthetic-023,2025-01-24T00:00:00+00:00,0,2,2,2,1.2113,154,4,4866,0,4,297,77,87,72.5781,10,Synthetic example: adjust helper 23
synthetic-024,2025-01-25T00:00:00+00:00,1,3,5,7,2.0092,595,70,2773,0,4,136,51,120,72.5342,82,Synthetic example: update validation 24
synthetic-025,2025-01-26T00:00:00+00:00,0,3,5,5,0.2176,295,50,3954,0,2,38,69,119,57.6056,33,Synthetic example: adjust helper 25
synthetic-026,2025-01-27T00:00:00+00:00,0,3,3,3,0.855,135,6,3789,0,5,271,2,113,26.041,70,Synthetic example: adjust helper 26
synthetic-027,2025-01-28T00:00:00+00:00,0,3,5,5,0.3463,425,15,1076,0,3,140,37,113,28.0805,91,Synthetic example: adjust helper 27
synthetic-028,2025-01-29T00:00:00+00:00,0,3,5,6,2.716,162,48,616,1,2,217,36,65,53.2598,42,Synthetic example: adjust helper 28
synthetic-029,2025-01-30T00:00:00+00:00,unknown,3,3,3,1.655,246,24,3703,0,1,58,10,21,3.668,4,Synthetic example: adjust helper 29
synthetic-030,2025-01-31T00:00:00+00:00,1,3,5,9,1.2894,45,99,542,0,5,187,6,75,13.6497,26,Synthetic example: update validation 30
synthetic-031,2025-02-01T00:00:00+00:00,1,3,5,11,2.6524,352,33,3529,0,3,122,21,46,7.8218,11,Synthetic example: update validation 31
synthetic-032,2025-02-02T00:00:00+00:00,1,3,5,7,2.3472,28,35,3572,0,4,137,21,95,19.243,13,Synthetic example: update validation 32
synthetic-033,2025-02-03T00:00:00+00:00,1,3,5,7,2.7554,35,105,3064,0,5,117,29,29,25.9317,6,Synthetic example: update validation 33
synthetic-034,2025-02-04T00:00:00+00:00,1,3,5,7,2.32,301,56,3076,0,7,275,43,111,19.4867,14,Synthetic example: update validation 34
synthetic-035,2025-02-05T00:00:00+00:00,0,3,5,5,1.3037,115,40,2769,1,7,262,15,5,1.7088,4,Synthetic example: adjust helper 35
synthetic-036,2025-02-06T00:00:00+00:00,0,3,4,4,1.5598,132,4,4610,0,4,187,56,91,67.4139,85,Synthetic example: adjust helper 36
synthetic-037,2025-02-07T00:00:00+00:00,0,3,5,6,2.1593,480,60,2660,0,5,210,42,85,28.2204,37,Synthetic example: adjust helper 37
synthetic-038,2025-02-08T00:00:00+00:00,0,3,5,9,1.1374,153,54,1625,0,5,208,71,54,10.4477,19,Synthetic example: update validation 38
synthetic-039,2025-02-09T00:00:00+00:00,0,3,5,5,1.9641,135,65,4009,0,8,227,28,101,28.4037,101,Synthetic example: adjust helper 39
